,Product Name,Product Rating,Product Price (discounted),product Price (Original),Dilivary Date,Offers
0,Apple iPhone SE (128 GB) - Starlight (3rd Generation),4.1 out of 5 stars,"45,490","₹48,900","tomorrow, July 19",Flat INR 1000 Off on HDFC BankCards
1,Apple iPhone 13 Mini (128GB) - Pink,4.5 out of 5 stars,"64,999","₹69,900","tomorrow, July 19",No Cost EMI available on select cards.
2,Apple iPhone SE (128 GB) - Midnight (3rd Generation),4.1 out of 5 stars,"48,900","₹43,900","tomorrow, July 19",Flat INR 1000 Off on HDFC BankCards
3,Apple iPhone SE (64 GB) - Midnight (3rd Generation),4.1 out of 5 stars,"41,900","₹43,900","tomorrow, July 19",Flat INR 1000 Off on HDFC BankCards
4,Apple iPhone SE (64 GB) - (Product) RED (3rd Generation),4.1 out of 5 stars,"41,900","₹43,900","tomorrow, July 19",Flat INR 1000 Off on HDFC BankCards
5,Apple iPhone SE (128 GB) - Starlight (3rd Generation),4.1 out of 5 stars,"41,900","₹48,900","tomorrow, July 19",Flat INR 1000 Off on HDFC BankCa...
6,Apple iPhone SE (128 GB) - (Product) RED (3rd Generation),4.1 out of 5 stars,"45,490","₹48,900","tomorrow, July 19",Flat INR 1000 Off on HDFC BankCards
7,Apple iPhone SE (64 GB) - Starlight (3rd Generation),4.1 out of 5 stars,"46,900","₹43,900","tomorrow, July 19",Flat INR 1000 Off on HDFC BankCards
8,VONZEE Back Cover for iPhone SE 2020/ iPhone SE 2022 (4.7 inch) (Silicone | Matcha Green),4.1 out of 5 stars,"41,900",₹899,"tomorrow, July 19",Flat INR 1000 Off on HDFC BankCards
9,VONZEE Back Cover for iPhone SE 2020/ iPhone SE 2022(4.7 inch) (Silicone | Wine Red),3.7 out of 5 stars,299,₹899,"tomorrow, July 19",
10,VONZEE Back Cover for iPhone SE 2020/ iPhone SE 2022(4.7 inch) (Silicone | Black),3.7 out of 5 stars,299,₹899,"tomorrow, July 19",
11,EGOTUDE Back Cover For iPhone SE 2020/ 8/ 7 ( Rubber;Poly Carbonate|Transparent ),3.7 out of 5 stars,299,₹999,"tomorrow, July 19",
12,Spigen Ultra Hybrid Back Cover Case for iPhone SE 2022 | iPhone SE 2020 | iPhone 7 | iPhone 8 (TPU + Poly Carbonate | Black),4.2 out of 5 stars,399,"₹1,699","Wednesday, July 20",
13,Egotude Soft Silicone Thin Matte Back Cover Case for iPhone SE (2020) (Black),4.4 out of 5 stars,"1,079",₹799,,
14,OpenTech® Tempered Glass Screen Protector for iPhone SE 2 / iPhone SE 2020 Edge to Edge Coverage with Easy Installation kit,4.3 out of 5 stars,299,₹999,,
15,Spigen AlignMaster Tempered Glass Screen Guard Protector for iPhone SE 2022/2020 and iPhone 8/7 (2 Pack),4.2 out of 5 stars,299,"₹2,899",,
16,Spigen Rugged Armor Back Cover Case for iPhone SE 2022 | iPhone SE 2020 (TPU | Matte Black),4.2 out of 5 stars,899,"₹1,699",,
17,EGOTUDE Back Cover for iphone 8/iphone 7/iphone SE 2020(TPU+Plastic/Grey),4.6 out of 5 stars,809,₹999,,
18,,4.2 out of 5 stars,399,,,
